<xml xmlns="https://developers.google.com/blockly/xml">
  <block type="s4d_login" id="[*`r5I7{?6g*^W.c?VuW" x="373" y="92">
    <value name="TOKEN">
      <block type="text" id="=AS*ydAZ+UHw(Fb.X_i8">
        <field name="TEXT">MTMyNjEwOTQ5OTMyMDE3NjY1MA.GxKYaE.RCVs8yPSPZ-wcK8rC7qpGyXHrxRKWYVtlhsjtQ</field>
      </block>
    </value>
  </block>
  <block type="s4d_on_member_join" id="CR9M(%v8ply8r84[7SWv" x="294" y="191">
    <statement name="STATEMENTS">
      <block type="s4d_send_member" id="NRx%dexrXnBf3B0@`#AY">
        <value name="CONTENT">
          <block type="s4d_message_embed" id="I4dgXAD;`/-2X)pA~WMQ">
            <mutation xmlns="http://www.w3.org/1999/xhtml" message="true"></mutation>
            <value name="MESSAGE">
              <block type="text" id="W::wkvkwf4ny?qWqrS7:">
                <field name="TEXT">Hello! The server you have joined is protected by Discovery+ Security. Please follow all guidelines and enjoy!</field>
              </block>
            </value>
          </block>
        </value>
        <value name="MEMBER">
          <block type="s4d_joining_member" id="f^~pTw}(,i0x1CZ~Y?jH"></block>
        </value>
      </block>
    </statement>
  </block>
</xml>